{
  "frames": {
    "chef (12)": {
      "spriteSourceSize": {
        "w": 179,
        "x": 5,
        "h": 215,
        "y": 8
      },
      "rotated": false,
      "trimmed": true,
      "sourceSize": {
        "w": 193,
        "h": 227
      },
      "frame": {
        "w": 179,
        "x": 560,
        "h": 215,
        "y": 226
      }
    },
    "chef (5)": {
      "spriteSourceSize": {
        "w": 185,
        "x": 4,
        "h": 218,
        "y": 7
      },
      "rotated": false,
      "trimmed": true,
      "sourceSize": {
        "w": 193,
        "h": 227
      },
      "frame": {
        "w": 185,
        "x": 190,
        "h": 218,
        "y": 442
      }
    },
    "chef (11)": {
      "spriteSourceSize": {
        "w": 180,
        "x": 5,
        "h": 216,
        "y": 7
      },
      "rotated": false,
      "trimmed": true,
      "sourceSize": {
        "w": 193,
        "h": 227
      },
      "frame": {
        "w": 180,
        "x": 374,
        "h": 216,
        "y": 5
      }
    },
    "chef (4)": {
      "spriteSourceSize": {
        "w": 186,
        "x": 4,
        "h": 218,
        "y": 7
      },
      "rotated": false,
      "trimmed": true,
      "sourceSize": {
        "w": 193,
        "h": 227
      },
      "frame": {
        "w": 186,
        "x": 2,
        "h": 218,
        "y": 442
      }
    },
    "chef (7)": {
      "spriteSourceSize": {
        "w": 184,
        "x": 4,
        "h": 217,
        "y": 8
      },
      "rotated": false,
      "trimmed": true,
      "sourceSize": {
        "w": 193,
        "h": 227
      },
      "frame": {
        "w": 184,
        "x": 189,
        "h": 217,
        "y": 223
      }
    },
    "chef (6)": {
      "spriteSourceSize": {
        "w": 185,
        "x": 4,
        "h": 218,
        "y": 7
      },
      "rotated": false,
      "trimmed": true,
      "sourceSize": {
        "w": 193,
        "h": 227
      },
      "frame": {
        "w": 185,
        "x": 2,
        "h": 218,
        "y": 2
      }
    },
    "chef (1)": {
      "spriteSourceSize": {
        "w": 178,
        "x": 5,
        "h": 215,
        "y": 8
      },
      "rotated": false,
      "trimmed": true,
      "sourceSize": {
        "w": 193,
        "h": 227
      },
      "frame": {
        "w": 178,
        "x": 556,
        "h": 215,
        "y": 6
      }
    },
    "chef (10)": {
      "spriteSourceSize": {
        "w": 181,
        "x": 5,
        "h": 216,
        "y": 8
      },
      "rotated": false,
      "trimmed": true,
      "sourceSize": {
        "w": 193,
        "h": 227
      },
      "frame": {
        "w": 181,
        "x": 562,
        "h": 216,
        "y": 444
      }
    },
    "chef (3)": {
      "spriteSourceSize": {
        "w": 185,
        "x": 4,
        "h": 218,
        "y": 7
      },
      "rotated": false,
      "trimmed": true,
      "sourceSize": {
        "w": 193,
        "h": 227
      },
      "frame": {
        "w": 185,
        "x": 2,
        "h": 218,
        "y": 222
      }
    },
    "chef (2)": {
      "spriteSourceSize": {
        "w": 183,
        "x": 4,
        "h": 217,
        "y": 7
      },
      "rotated": false,
      "trimmed": true,
      "sourceSize": {
        "w": 193,
        "h": 227
      },
      "frame": {
        "w": 183,
        "x": 377,
        "h": 217,
        "y": 443
      }
    },
    "chef (9)": {
      "spriteSourceSize": {
        "w": 183,
        "x": 4,
        "h": 217,
        "y": 7
      },
      "rotated": false,
      "trimmed": true,
      "sourceSize": {
        "w": 193,
        "h": 227
      },
      "frame": {
        "w": 183,
        "x": 375,
        "h": 217,
        "y": 223
      }
    },
    "chef (8)": {
      "spriteSourceSize": {
        "w": 183,
        "x": 4,
        "h": 217,
        "y": 7
      },
      "rotated": false,
      "trimmed": true,
      "sourceSize": {
        "w": 193,
        "h": 227
      },
      "frame": {
        "w": 183,
        "x": 189,
        "h": 217,
        "y": 4
      }
    }
  },
  "meta": {
    "app": "Phaser Editor",
    "image": "chef.png",
    "version": "1"
  }
}