{
  "frames": {
    "fly (5)": {
      "spriteSourceSize": {
        "w": 63,
        "x": 2,
        "h": 69,
        "y": 0
      },
      "rotated": false,
      "trimmed": true,
      "sourceSize": {
        "w": 66,
        "h": 69
      },
      "frame": {
        "w": 63,
        "x": 467,
        "h": 69,
        "y": 2
      }
    },
    "fly (6)": {
      "spriteSourceSize": {
        "w": 63,
        "x": 1,
        "h": 69,
        "y": 0
      },
      "rotated": false,
      "trimmed": true,
      "sourceSize": {
        "w": 66,
        "h": 69
      },
      "frame": {
        "w": 63,
        "x": 532,
        "h": 69,
        "y": 2
      }
    },
    "fly (7)": {
      "spriteSourceSize": {
        "w": 62,
        "x": 2,
        "h": 69,
        "y": 0
      },
      "rotated": false,
      "trimmed": true,
      "sourceSize": {
        "w": 66,
        "h": 69
      },
      "frame": {
        "w": 62,
        "x": 662,
        "h": 69,
        "y": 2
      }
    },
    "fly (8)": {
      "spriteSourceSize": {
        "w": 62,
        "x": 2,
        "h": 69,
        "y": 0
      },
      "rotated": false,
      "trimmed": true,
      "sourceSize": {
        "w": 66,
        "h": 69
      },
      "frame": {
        "w": 62,
        "x": 726,
        "h": 69,
        "y": 2
      }
    },
    "fly (12)": {
      "spriteSourceSize": {
        "w": 64,
        "x": 1,
        "h": 69,
        "y": 0
      },
      "rotated": false,
      "trimmed": true,
      "sourceSize": {
        "w": 66,
        "h": 69
      },
      "frame": {
        "w": 64,
        "x": 336,
        "h": 69,
        "y": 2
      }
    },
    "fly (9)": {
      "spriteSourceSize": {
        "w": 63,
        "x": 1,
        "h": 69,
        "y": 0
      },
      "rotated": false,
      "trimmed": true,
      "sourceSize": {
        "w": 66,
        "h": 69
      },
      "frame": {
        "w": 63,
        "x": 597,
        "h": 69,
        "y": 2
      }
    },
    "fly (10)": {
      "spriteSourceSize": {
        "w": 63,
        "x": 1,
        "h": 69,
        "y": 0
      },
      "rotated": false,
      "trimmed": true,
      "sourceSize": {
        "w": 66,
        "h": 69
      },
      "frame": {
        "w": 63,
        "x": 402,
        "h": 69,
        "y": 2
      }
    },
    "fly (11)": {
      "spriteSourceSize": {
        "w": 64,
        "x": 1,
        "h": 69,
        "y": 0
      },
      "rotated": false,
      "trimmed": true,
      "sourceSize": {
        "w": 66,
        "h": 69
      },
      "frame": {
        "w": 64,
        "x": 270,
        "h": 69,
        "y": 2
      }
    },
    "fly (1)": {
      "spriteSourceSize": {
        "w": 64,
        "x": 1,
        "h": 69,
        "y": 0
      },
      "rotated": false,
      "trimmed": true,
      "sourceSize": {
        "w": 66,
        "h": 69
      },
      "frame": {
        "w": 64,
        "x": 204,
        "h": 69,
        "y": 2
      }
    },
    "fly (2)": {
      "spriteSourceSize": {
        "w": 65,
        "x": 1,
        "h": 69,
        "y": 0
      },
      "rotated": false,
      "trimmed": true,
      "sourceSize": {
        "w": 66,
        "h": 69
      },
      "frame": {
        "w": 65,
        "x": 2,
        "h": 69,
        "y": 2
      }
    },
    "fly (3)": {
      "spriteSourceSize": {
        "w": 66,
        "x": 0,
        "h": 68,
        "y": 0
      },
      "rotated": false,
      "trimmed": true,
      "sourceSize": {
        "w": 66,
        "h": 69
      },
      "frame": {
        "w": 66,
        "x": 69,
        "h": 68,
        "y": 3
      }
    },
    "fly (4)": {
      "spriteSourceSize": {
        "w": 65,
        "x": 1,
        "h": 68,
        "y": 0
      },
      "rotated": false,
      "trimmed": true,
      "sourceSize": {
        "w": 66,
        "h": 69
      },
      "frame": {
        "w": 65,
        "x": 137,
        "h": 68,
        "y": 3
      }
    }
  },
  "meta": {
    "app": "Phaser Editor",
    "image": "flys.png",
    "version": "1"
  }
}