{
  "level": [
    {
      "type": "image",
      "key": "mono",
      "url": "assets/images/mono.png",
      "overwrite": false
    },
    {
      "type": "spritesheet",
      "key": "boniatillo",
      "url": "assets/images/boniatillo.png",
      "frameWidth": 0,
      "frameHeight": 0,
      "frameMax": -1,
      "margin": 0,
      "spacing": 0
    },
    {
      "type": "spritesheet",
      "key": "smoke1",
      "url": "assets/smoke1.png",
      "frameWidth": 80,
      "frameHeight": 80,
      "frameMax": -1,
      "margin": 0,
      "spacing": 0
    },
    {
      "type": "audio",
      "key": "scream",
      "urls": ["assets/Sound/scream.ogg"],
      "autoDecode": true
    },
    {
      "type": "spritesheet",
      "key": "tabstart",
      "url": "assets/images/tabstart.png",
      "frameWidth": 0,
      "frameHeight": 0,
      "frameMax": -1,
      "margin": 0,
      "spacing": 0
    },
    {
      "type": "atlas",
      "key": "chef",
      "textureURL": "assets/atlas/chef.png",
      "atlasURL": "assets/atlas/chef.json",
      "format": "TEXTURE_ATLAS_JSON_HASH"
    },
    {
      "type": "atlas",
      "key": "flys1",
      "textureURL": "assets/atlas/flys.png",
      "atlasURL": "assets/atlas/flys.json",
      "format": "TEXTURE_ATLAS_JSON_HASH"
    },
    {
      "type": "image",
      "key": "t_taem",
      "url": "assets/images/t_taem.png",
      "overwrite": false
    },
    {
      "type": "audio",
      "key": "bachg",
      "urls": ["assets/Sound/bachg.ogg"],
      "autoDecode": true
    },
    {
      "type": "audio",
      "key": "flysound",
      "urls": ["assets/Sound/flysound.ogg"],
      "autoDecode": true
    },
    {
      "type": "audio",
      "key": "getscore",
      "urls": ["assets/Sound/getscore.ogg"],
      "autoDecode": true
    },
    {
      "type": "image",
      "key": "back4team",
      "url": "assets/back4team.png",
      "overwrite": false
    },
    {
      "type": "spritesheet",
      "key": "coin",
      "url": "assets/images/coin.png",
      "frameWidth": 0,
      "frameHeight": 0,
      "frameMax": -1,
      "margin": 0,
      "spacing": 0
    },
    {
      "type": "spritesheet",
      "key": "score",
      "url": "assets/images/score.png",
      "frameWidth": 180,
      "frameHeight": 216,
      "frameMax": -1,
      "margin": 0,
      "spacing": 0
    },
    {
      "type": "spritesheet",
      "key": "wallnew",
      "url": "assets/images/wallnew.png",
      "frameWidth": 360,
      "frameHeight": 640,
      "frameMax": -1,
      "margin": 0,
      "spacing": 0
    },
    {
      "type": "spritesheet",
      "key": "CarRed",
      "url": "assets/images/CarRed.png",
      "frameWidth": 100,
      "frameHeight": 110,
      "frameMax": -1,
      "margin": 0,
      "spacing": 0
    },
    {
      "type": "image",
      "key": "Fast2",
      "url": "assets/images/Fast2.png",
      "overwrite": false
    },
    {
      "type": "image",
      "key": "easy",
      "url": "assets/images/easy.png",
      "overwrite": false
    },
    {
      "type": "image",
      "key": "exd",
      "url": "assets/images/exd.PNG",
      "overwrite": false
    },
    {
      "type": "image",
      "key": "about",
      "url": "assets/images/about.png",
      "overwrite": false
    },
    {
      "type": "image",
      "key": "past1",
      "url": "assets/images/past1.png",
      "overwrite": false
    },
    {
      "type": "atlas",
      "key": "test",
      "textureURL": "assets/atlas/test.png",
      "atlasURL": "assets/atlas/test.json",
      "format": "TEXTURE_ATLAS_JSON_HASH"
    },
    {
      "type": "image",
      "key": "past2",
      "url": "assets/images/past2.png",
      "overwrite": false
    },
    {
      "type": "image",
      "key": "t",
      "url": "assets/images/t.PNG",
      "overwrite": false
    },
    {
      "type": "image",
      "key": "past3",
      "url": "assets/images/past3.png",
      "overwrite": false
    },
    {
      "type": "image",
      "key": "wall2",
      "url": "assets/images/wall2.png",
      "overwrite": false
    },
    {
      "type": "image",
      "key": "score1",
      "url": "assets/score.png",
      "overwrite": false
    },
    {
      "type": "image",
      "key": "hp3",
      "url": "assets/images/hp3.png",
      "overwrite": false
    },
    {
      "type": "image",
      "key": "bad2",
      "url": "assets/images/bad2.png",
      "overwrite": false
    },
    {
      "type": "audio",
      "key": "music",
      "urls": ["assets/Sound/music.ogg"],
      "autoDecode": true
    },
    {
      "type": "image",
      "key": "exd",
      "url": "assets/images/exd.PNG",
      "overwrite": false
    },
    {
      "type": "image",
      "key": "hard",
      "url": "assets/images/hard.png",
      "overwrite": false
    },
    {
      "type": "spritesheet",
      "key": "T1",
      "url": "assets/T1.PNG",
      "frameWidth": 0,
      "frameHeight": 0,
      "frameMax": -1,
      "margin": 0,
      "spacing": 0
    },
    {
      "type": "spritesheet",
      "key": "T2",
      "url": "assets/T2.PNG",
      "frameWidth": 0,
      "frameHeight": 0,
      "frameMax": -1,
      "margin": 0,
      "spacing": 0
    },
    {
      "type": "image",
      "key": "bg2",
      "url": "assets/images/bg2.png",
      "overwrite": false
    },
    {
      "type": "spritesheet",
      "key": "st",
      "url": "assets/images/st.PNG",
      "frameWidth": 0,
      "frameHeight": 0,
      "frameMax": -1,
      "margin": 0,
      "spacing": 0
    }
  ],
  "start": [{
    "type": "image",
    "key": "tap-to-start",
    "url": "assets/images/tap-to-start.png",
    "overwrite": false
  }],
  "preload": [{
    "type": "image",
    "key": "loading",
    "url": "assets/images/loading.png",
    "overwrite": false
  }],
  "meta": {
    "generated": "1513776889266",
    "app": "Phaser Editor",
    "url": "http://phasereditor.boniatillo.com",
    "version": "1.0",
    "copyright": "Arian Fornaris (c) 2015,2016"
  }
}